제목,내용
제목,내용
제목,내용
제목,내용
제목,내용
제목,내용
제목,내용
제목,내용
제목,내용
제목,내용
제목,내용
제목,내용
제목,내용
제목,내용
제목,내용
제목,내용
제목,내용
제목,내용
제목,내용
제목,내용
제목,내용
제목,내용
제목,내용
제목,내용
제목,내용
제목,내용
제목,내용
제목,내용
제목,내용
제목,내용
제목,내용
제목,내용
제목,내용
제목,내용
제목,내용
제목,내용
제목,내용
제목,내용
제목,내용
제목,내용
제목,내용
제목,내용
제목,내용
제목,내용
제목,내용
제목,내용
제목,내용
제목,내용
제목,내용
제목,내용
제목,내용
제목,내용
제목,내용
제목,내용
제목,내용
제목,내용
제목,내용
제목,내용
제목,내용
제목,내용
제목,내용
제목,내용
제목,내용
제목,내용
제목,내용
제목,내용
제목,내용
제목,내용
제목,내용
제목,내용
제목,내용
제목,내용
제목,내용
제목,내용
제목,내용
제목,내용
제목,내용
제목,내용
제목,내용
제목,내용
제목,내용
제목,내용
제목,내용
제목,내용
제목,내용
제목,내용
제목,내용
제목,내용
제목,내용
제목,내용
제목,내용
제목,내용
제목,내용
제목,내용
제목,내용
제목,내용
제목,내용
제목,내용
제목,내용
제목,내용
제목,내용
제목,내용
제목,내용
제목,내용
제목,내용